{"v":"5.6.10","fr":29.9700012207031,"ip":0,"op":46.0000018736184,"w":1080,"h":1631,"nm":"Frame 15@3x","ddd":0,"assets":[{"id":"image_0","w":117,"h":99,"u":"images/","p":"img_0.png","e":0},{"id":"comp_0","layers":[{"ddd":0,"ind":1,"ty":2,"nm":"Group 48561.png","cl":"png","refId":"image_0","sr":1,"ks":{"o":{"a":1,"k":[{"i":{"x":[0.833],"y":[0.833]},"o":{"x":[0.167],"y":[0.167]},"t":0,"s":[100]},{"i":{"x":[0.833],"y":[0.833]},"o":{"x":[0.167],"y":[0.167]},"t":9.99,"s":[100]},{"i":{"x":[0.833],"y":[0.833]},"o":{"x":[0.167],"y":[0.167]},"t":15.984,"s":[100]},{"t":18.981000773112,"s":[0]}],"ix":11},"r":{"a":0,"k":0,"ix":10},"p":{"a":1,"k":[{"i":{"x":0.667,"y":1},"o":{"x":0.333,"y":0},"t":0,"s":[472,1515.5,0],"to":[0,0,0],"ti":[129.116,-12.511,0]},{"i":{"x":0.667,"y":1},"o":{"x":0.333,"y":0},"t":9.99,"s":[286,1723.5,0],"to":[-203.578,19.726,0],"ti":[0,0,0]},{"t":18.981000773112,"s":[176,432,0]}],"ix":2},"a":{"a":0,"k":[58.5,49.5,0],"ix":1},"s":{"a":0,"k":[180,180,100],"ix":6}},"ao":0,"ip":0,"op":899.100036621094,"st":0,"bm":0},{"ddd":0,"ind":2,"ty":2,"nm":"Group 48561.png","cl":"png","refId":"image_0","sr":1,"ks":{"o":{"a":1,"k":[{"i":{"x":[0.833],"y":[0.833]},"o":{"x":[0.167],"y":[0.167]},"t":10.989,"s":[100]},{"i":{"x":[0.833],"y":[0.833]},"o":{"x":[0.167],"y":[0.167]},"t":20.979,"s":[100]},{"i":{"x":[0.833],"y":[0.833]},"o":{"x":[0.167],"y":[0.167]},"t":26.973,"s":[100]},{"t":29.9700012207031,"s":[0]}],"ix":11},"r":{"a":0,"k":0,"ix":10},"p":{"a":1,"k":[{"i":{"x":0.667,"y":1},"o":{"x":0.333,"y":0},"t":10.989,"s":[456,1339.5,0],"to":[0,0,0],"ti":[191.698,-69.742,0]},{"i":{"x":0.667,"y":1},"o":{"x":0.333,"y":0},"t":20.979,"s":[390,1695.5,0],"to":[-309.639,112.65,0],"ti":[0,0,0]},{"t":29.9700012207031,"s":[176,432,0]}],"ix":2},"a":{"a":0,"k":[58.5,49.5,0],"ix":1},"s":{"a":0,"k":[180,180,100],"ix":6}},"ao":0,"ip":10.9890004475911,"op":910.089037068685,"st":10.9890004475911,"bm":0},{"ddd":0,"ind":3,"ty":2,"nm":"Group 48561.png","cl":"png","refId":"image_0","sr":1,"ks":{"o":{"a":1,"k":[{"i":{"x":[0.833],"y":[0.833]},"o":{"x":[0.167],"y":[0.167]},"t":7.992,"s":[100]},{"i":{"x":[0.833],"y":[0.833]},"o":{"x":[0.167],"y":[0.167]},"t":17.982,"s":[100]},{"i":{"x":[0.833],"y":[0.833]},"o":{"x":[0.167],"y":[0.167]},"t":23.976,"s":[100]},{"t":26.9730010986328,"s":[0]}],"ix":11},"r":{"a":0,"k":0,"ix":10},"p":{"a":1,"k":[{"i":{"x":0.667,"y":1},"o":{"x":0.333,"y":0},"t":7.992,"s":[528,1191.5,0],"to":[0,0,0],"ti":[191.698,-69.742,0]},{"i":{"x":0.667,"y":1},"o":{"x":0.333,"y":0},"t":17.982,"s":[362,1607.5,0],"to":[-309.639,112.65,0],"ti":[0,0,0]},{"t":26.9730010986328,"s":[176,432,0]}],"ix":2},"a":{"a":0,"k":[58.5,49.5,0],"ix":1},"s":{"a":0,"k":[180,180,100],"ix":6}},"ao":0,"ip":7.99200032552083,"op":907.092036946615,"st":7.99200032552083,"bm":0},{"ddd":0,"ind":4,"ty":2,"nm":"Group 48561.png","cl":"png","refId":"image_0","sr":1,"ks":{"o":{"a":1,"k":[{"i":{"x":[0.833],"y":[0.833]},"o":{"x":[0.167],"y":[0.167]},"t":4.995,"s":[100]},{"i":{"x":[0.833],"y":[0.833]},"o":{"x":[0.167],"y":[0.167]},"t":14.985,"s":[100]},{"i":{"x":[0.833],"y":[0.833]},"o":{"x":[0.167],"y":[0.167]},"t":21.978,"s":[100]},{"t":23.9760009765625,"s":[0]}],"ix":11},"r":{"a":0,"k":0,"ix":10},"p":{"a":1,"k":[{"i":{"x":0.667,"y":1},"o":{"x":0.333,"y":0},"t":4.995,"s":[664,1495.5,0],"to":[0,0,0],"ti":[186.324,-83.04,0]},{"i":{"x":0.667,"y":1},"o":{"x":0.333,"y":0},"t":14.985,"s":[546,1727.5,0],"to":[-297.639,132.65,0],"ti":[0,0,0]},{"t":23.9760009765625,"s":[176,432,0]}],"ix":2},"a":{"a":0,"k":[58.5,49.5,0],"ix":1},"s":{"a":0,"k":[180,180,100],"ix":6}},"ao":0,"ip":4.99500020345052,"op":904.095036824544,"st":4.99500020345052,"bm":0},{"ddd":0,"ind":5,"ty":2,"nm":"Group 48561.png","cl":"png","refId":"image_0","sr":1,"ks":{"o":{"a":1,"k":[{"i":{"x":[0.833],"y":[0.833]},"o":{"x":[0.167],"y":[0.167]},"t":19.98,"s":[100]},{"i":{"x":[0.833],"y":[0.833]},"o":{"x":[0.167],"y":[0.167]},"t":29.97,"s":[100]},{"i":{"x":[0.833],"y":[0.833]},"o":{"x":[0.167],"y":[0.167]},"t":35.964,"s":[100]},{"t":38.9610015869141,"s":[0]}],"ix":11},"r":{"a":0,"k":0,"ix":10},"p":{"a":1,"k":[{"i":{"x":0.667,"y":1},"o":{"x":0.333,"y":0},"t":19.98,"s":[352,1463.5,0],"to":[0,0,0],"ti":[197.116,-52.511,0]},{"i":{"x":0.667,"y":1},"o":{"x":0.333,"y":0},"t":29.97,"s":[286,1723.5,0],"to":[-197.639,52.65,0],"ti":[0,0,0]},{"t":38.9610015869141,"s":[176,432,0]}],"ix":2},"a":{"a":0,"k":[58.5,49.5,0],"ix":1},"s":{"a":0,"k":[180,180,100],"ix":6}},"ao":0,"ip":19.9800008138021,"op":919.080037434896,"st":19.9800008138021,"bm":0},{"ddd":0,"ind":6,"ty":2,"nm":"Group 48561.png","cl":"png","refId":"image_0","sr":1,"ks":{"o":{"a":1,"k":[{"i":{"x":[0.833],"y":[0.833]},"o":{"x":[0.167],"y":[0.167]},"t":5.994,"s":[100]},{"i":{"x":[0.833],"y":[0.833]},"o":{"x":[0.167],"y":[0.167]},"t":15.984,"s":[100]},{"i":{"x":[0.833],"y":[0.833]},"o":{"x":[0.167],"y":[0.167]},"t":21.978,"s":[100]},{"t":24.9750010172526,"s":[0]}],"ix":11},"r":{"a":0,"k":0,"ix":10},"p":{"a":1,"k":[{"i":{"x":0.667,"y":1},"o":{"x":0.333,"y":0},"t":5.994,"s":[352,1463.5,0],"to":[0,0,0],"ti":[197.116,-52.511,0]},{"i":{"x":0.667,"y":1},"o":{"x":0.333,"y":0},"t":15.984,"s":[286,1723.5,0],"to":[-197.639,52.65,0],"ti":[0,0,0]},{"t":24.9750010172526,"s":[176,432,0]}],"ix":2},"a":{"a":0,"k":[58.5,49.5,0],"ix":1},"s":{"a":0,"k":[180,180,100],"ix":6}},"ao":0,"ip":5.99400024414063,"op":905.094036865234,"st":5.99400024414063,"bm":0},{"ddd":0,"ind":7,"ty":2,"nm":"Group 48561.png","cl":"png","refId":"image_0","sr":1,"ks":{"o":{"a":1,"k":[{"i":{"x":[0.833],"y":[0.833]},"o":{"x":[0.167],"y":[0.167]},"t":16.983,"s":[100]},{"i":{"x":[0.833],"y":[0.833]},"o":{"x":[0.167],"y":[0.167]},"t":26.973,"s":[100]},{"i":{"x":[0.833],"y":[0.833]},"o":{"x":[0.167],"y":[0.167]},"t":32.967,"s":[100]},{"t":35.9640014648437,"s":[0]}],"ix":11},"r":{"a":0,"k":0,"ix":10},"p":{"a":1,"k":[{"i":{"x":0.667,"y":1},"o":{"x":0.333,"y":0},"t":16.983,"s":[456,1339.5,0],"to":[0,0,0],"ti":[191.698,-69.742,0]},{"i":{"x":0.667,"y":1},"o":{"x":0.333,"y":0},"t":26.973,"s":[390,1695.5,0],"to":[-309.639,112.65,0],"ti":[0,0,0]},{"t":35.9640014648437,"s":[176,432,0]}],"ix":2},"a":{"a":0,"k":[58.5,49.5,0],"ix":1},"s":{"a":0,"k":[180,180,100],"ix":6}},"ao":0,"ip":16.9830006917318,"op":916.083037312825,"st":16.9830006917318,"bm":0},{"ddd":0,"ind":8,"ty":2,"nm":"Group 48561.png","cl":"png","refId":"image_0","sr":1,"ks":{"o":{"a":1,"k":[{"i":{"x":[0.833],"y":[0.833]},"o":{"x":[0.167],"y":[0.167]},"t":13.986,"s":[100]},{"i":{"x":[0.833],"y":[0.833]},"o":{"x":[0.167],"y":[0.167]},"t":23.976,"s":[100]},{"i":{"x":[0.833],"y":[0.833]},"o":{"x":[0.167],"y":[0.167]},"t":29.97,"s":[100]},{"t":32.9670013427734,"s":[0]}],"ix":11},"r":{"a":0,"k":0,"ix":10},"p":{"a":1,"k":[{"i":{"x":0.667,"y":1},"o":{"x":0.333,"y":0},"t":13.986,"s":[528,1191.5,0],"to":[0,0,0],"ti":[191.698,-69.742,0]},{"i":{"x":0.667,"y":1},"o":{"x":0.333,"y":0},"t":23.976,"s":[362,1607.5,0],"to":[-309.639,112.65,0],"ti":[0,0,0]},{"t":32.9670013427734,"s":[176,432,0]}],"ix":2},"a":{"a":0,"k":[58.5,49.5,0],"ix":1},"s":{"a":0,"k":[180,180,100],"ix":6}},"ao":0,"ip":13.9860005696615,"op":913.086037190755,"st":13.9860005696615,"bm":0},{"ddd":0,"ind":9,"ty":2,"nm":"Group 48561.png","cl":"png","refId":"image_0","sr":1,"ks":{"o":{"a":1,"k":[{"i":{"x":[0.833],"y":[0.833]},"o":{"x":[0.167],"y":[0.167]},"t":10.989,"s":[100]},{"i":{"x":[0.833],"y":[0.833]},"o":{"x":[0.167],"y":[0.167]},"t":20.979,"s":[100]},{"i":{"x":[0.833],"y":[0.833]},"o":{"x":[0.167],"y":[0.167]},"t":26.973,"s":[100]},{"t":29.9700012207031,"s":[0]}],"ix":11},"r":{"a":0,"k":0,"ix":10},"p":{"a":1,"k":[{"i":{"x":0.667,"y":1},"o":{"x":0.333,"y":0},"t":10.989,"s":[664,1495.5,0],"to":[0,0,0],"ti":[186.324,-83.04,0]},{"i":{"x":0.667,"y":1},"o":{"x":0.333,"y":0},"t":20.979,"s":[546,1727.5,0],"to":[-297.639,132.65,0],"ti":[0,0,0]},{"t":29.9700012207031,"s":[176,432,0]}],"ix":2},"a":{"a":0,"k":[58.5,49.5,0],"ix":1},"s":{"a":0,"k":[180,180,100],"ix":6}},"ao":0,"ip":10.9890004475911,"op":910.089037068685,"st":10.9890004475911,"bm":0},{"ddd":0,"ind":10,"ty":2,"nm":"Group 48561.png","cl":"png","refId":"image_0","sr":1,"ks":{"o":{"a":1,"k":[{"i":{"x":[0.833],"y":[0.833]},"o":{"x":[0.167],"y":[0.167]},"t":5.994,"s":[100]},{"i":{"x":[0.833],"y":[0.833]},"o":{"x":[0.167],"y":[0.167]},"t":15.984,"s":[100]},{"i":{"x":[0.833],"y":[0.833]},"o":{"x":[0.167],"y":[0.167]},"t":21.978,"s":[100]},{"t":24.9750010172526,"s":[0]}],"ix":11},"r":{"a":0,"k":0,"ix":10},"p":{"a":1,"k":[{"i":{"x":0.667,"y":1},"o":{"x":0.333,"y":0},"t":5.994,"s":[812,1483.5,0],"to":[0,0,0],"ti":[171.704,-110.135,0]},{"i":{"x":0.667,"y":1},"o":{"x":0.333,"y":0},"t":15.984,"s":[638,1631.5,0],"to":[-281.639,180.65,0],"ti":[0,0,0]},{"t":24.9750010172526,"s":[176,432,0]}],"ix":2},"a":{"a":0,"k":[58.5,49.5,0],"ix":1},"s":{"a":0,"k":[180,180,100],"ix":6}},"ao":0,"ip":5.99400024414063,"op":905.094036865234,"st":5.99400024414063,"bm":0},{"ddd":0,"ind":11,"ty":2,"nm":"Group 48561.png","cl":"png","refId":"image_0","sr":1,"ks":{"o":{"a":1,"k":[{"i":{"x":[0.833],"y":[0.833]},"o":{"x":[0.167],"y":[0.167]},"t":3.996,"s":[100]},{"i":{"x":[0.833],"y":[0.833]},"o":{"x":[0.167],"y":[0.167]},"t":15.984,"s":[100]},{"i":{"x":[0.833],"y":[0.833]},"o":{"x":[0.167],"y":[0.167]},"t":25.974,"s":[100]},{"t":28.971001180013,"s":[0]}],"ix":11},"r":{"a":0,"k":0,"ix":10},"p":{"a":1,"k":[{"i":{"x":0.667,"y":1},"o":{"x":0.333,"y":0},"t":3.996,"s":[816,1247.5,0],"to":[0,0,0],"ti":[169.925,-58.752,0]},{"i":{"x":0.667,"y":1},"o":{"x":0.333,"y":0},"t":15.984,"s":[694,1499.5,0],"to":[-158.984,54.969,0],"ti":[0,0,0]},{"t":28.971001180013,"s":[176,432,0]}],"ix":2},"a":{"a":0,"k":[58.5,49.5,0],"ix":1},"s":{"a":0,"k":[180,180,100],"ix":6}},"ao":0,"ip":3.99600016276042,"op":903.096036783854,"st":3.99600016276042,"bm":0},{"ddd":0,"ind":12,"ty":2,"nm":"Group 48561.png","cl":"png","refId":"image_0","sr":1,"ks":{"o":{"a":1,"k":[{"i":{"x":[0.833],"y":[0.833]},"o":{"x":[0.167],"y":[0.167]},"t":0,"s":[100]},{"i":{"x":[0.833],"y":[0.833]},"o":{"x":[0.167],"y":[0.167]},"t":11.988,"s":[100]},{"i":{"x":[0.833],"y":[0.833]},"o":{"x":[0.167],"y":[0.167]},"t":21.978,"s":[100]},{"t":24.9750010172526,"s":[0]}],"ix":11},"r":{"a":0,"k":0,"ix":10},"p":{"a":1,"k":[{"i":{"x":0.667,"y":1},"o":{"x":0.333,"y":0},"t":0,"s":[440,1219.5,0],"to":[0,0,0],"ti":[91.704,-66.135,0]},{"i":{"x":0.667,"y":1},"o":{"x":0.333,"y":0},"t":11.988,"s":[302,1447.5,0],"to":[-271.385,195.717,0],"ti":[0,0,0]},{"t":24.9750010172526,"s":[176,432,0]}],"ix":2},"a":{"a":0,"k":[58.5,49.5,0],"ix":1},"s":{"a":0,"k":[180,180,100],"ix":6}},"ao":0,"ip":0,"op":899.100036621094,"st":0,"bm":0},{"ddd":0,"ind":13,"ty":2,"nm":"Group 48561.png","cl":"png","refId":"image_0","sr":1,"ks":{"o":{"a":1,"k":[{"i":{"x":[0.833],"y":[0.833]},"o":{"x":[0.167],"y":[0.167]},"t":0,"s":[100]},{"i":{"x":[0.833],"y":[0.833]},"o":{"x":[0.167],"y":[0.167]},"t":11.988,"s":[100]},{"i":{"x":[0.833],"y":[0.833]},"o":{"x":[0.167],"y":[0.167]},"t":21.978,"s":[100]},{"t":24.9750010172526,"s":[0]}],"ix":11},"r":{"a":0,"k":0,"ix":10},"p":{"a":1,"k":[{"i":{"x":0.667,"y":1},"o":{"x":0.333,"y":0},"t":0,"s":[668,1331.5,0],"to":[0,0,0],"ti":[99.704,-26.135,0]},{"i":{"x":0.667,"y":1},"o":{"x":0.333,"y":0},"t":11.988,"s":[434,1487.5,0],"to":[-323.662,84.841,0],"ti":[0,0,0]},{"t":24.9750010172526,"s":[176,432,0]}],"ix":2},"a":{"a":0,"k":[58.5,49.5,0],"ix":1},"s":{"a":0,"k":[180,180,100],"ix":6}},"ao":0,"ip":0,"op":899.100036621094,"st":0,"bm":0}]}],"layers":[{"ddd":0,"ind":1,"ty":0,"nm":"美元","refId":"comp_0","sr":1.2,"ks":{"o":{"a":0,"k":100,"ix":11},"r":{"a":0,"k":0,"ix":10},"p":{"a":0,"k":[540,1248,0],"ix":2},"a":{"a":0,"k":[540,1457.5,0],"ix":1},"s":{"a":0,"k":[108,108,100],"ix":6}},"ao":0,"w":1080,"h":2915,"ip":0,"op":46.8000019062031,"st":0,"bm":0}],"markers":[]}